videoId,link
PO1GOVB7Ye4,https://www.youtube.com/watch?v=PO1GOVB7Ye4
-QMFzEhMQ94,https://www.youtube.com/watch?v=-QMFzEhMQ94
BJm2H7p2DMc,https://www.youtube.com/watch?v=BJm2H7p2DMc
XYxAxH4UCiM,https://www.youtube.com/watch?v=XYxAxH4UCiM
cYmPE2PoNdk,https://www.youtube.com/watch?v=cYmPE2PoNdk
2_wvhaHJwqU,https://www.youtube.com/watch?v=2_wvhaHJwqU
fR0VYUyMJeE,https://www.youtube.com/watch?v=fR0VYUyMJeE
NyUiNkZyJ8A,https://www.youtube.com/watch?v=NyUiNkZyJ8A
yBSifqsTzwA,https://www.youtube.com/watch?v=yBSifqsTzwA
grfDnKNxtZs,https://www.youtube.com/watch?v=grfDnKNxtZs
O1jdVGMYshs,https://www.youtube.com/watch?v=O1jdVGMYshs
WVsiSj3UZtM,https://www.youtube.com/watch?v=WVsiSj3UZtM
acqzBwhsXig,https://www.youtube.com/watch?v=acqzBwhsXig
kdwdIWogEzE,https://www.youtube.com/watch?v=kdwdIWogEzE
nk_1ol829_A,https://www.youtube.com/watch?v=nk_1ol829_A
-xEvDME5kys,https://www.youtube.com/watch?v=-xEvDME5kys
oBv-lu0LQ2E,https://www.youtube.com/watch?v=oBv-lu0LQ2E
uWssyB_FFKs,https://www.youtube.com/watch?v=uWssyB_FFKs
UwLitKx-mXc,https://www.youtube.com/watch?v=UwLitKx-mXc
84vzOt9sYwo,https://www.youtube.com/watch?v=84vzOt9sYwo
2dinl7-eka4,https://www.youtube.com/watch?v=2dinl7-eka4
C1rm8psg4_I,https://www.youtube.com/watch?v=C1rm8psg4_I
j6t38pXK7N0,https://www.youtube.com/watch?v=j6t38pXK7N0
hd1-PMh_3Qo,https://www.youtube.com/watch?v=hd1-PMh_3Qo
6D7Al4XZjqQ,https://www.youtube.com/watch?v=6D7Al4XZjqQ
OTpGq0Tc78g,https://www.youtube.com/watch?v=OTpGq0Tc78g
4mWOEaKWp5M,https://www.youtube.com/watch?v=4mWOEaKWp5M
Z6Vn7E7dNo0,https://www.youtube.com/watch?v=Z6Vn7E7dNo0
CtqpB6KPQgQ,https://www.youtube.com/watch?v=CtqpB6KPQgQ
wTxhk6WZjLQ,https://www.youtube.com/watch?v=wTxhk6WZjLQ
qCYE6hQofSw,https://www.youtube.com/watch?v=qCYE6hQofSw
hvHL2JFzris,https://www.youtube.com/watch?v=hvHL2JFzris
4cC7V-ZdSww,https://www.youtube.com/watch?v=4cC7V-ZdSww
H_9iCgHtJMs,https://www.youtube.com/watch?v=H_9iCgHtJMs
hCBo-u92IRM,https://www.youtube.com/watch?v=hCBo-u92IRM
PSS-6sySQsA,https://www.youtube.com/watch?v=PSS-6sySQsA
8tsv2RRDBUE,https://www.youtube.com/watch?v=8tsv2RRDBUE
X-K8RekTRxU,https://www.youtube.com/watch?v=X-K8RekTRxU
zOhxQeIHP6Y,https://www.youtube.com/watch?v=zOhxQeIHP6Y
yuEfcgar8bQ,https://www.youtube.com/watch?v=yuEfcgar8bQ
C0dKAYTk1Iw,https://www.youtube.com/watch?v=C0dKAYTk1Iw
7OGCphEZLJM,https://www.youtube.com/watch?v=7OGCphEZLJM
s0VoDB22Yeo,https://www.youtube.com/watch?v=s0VoDB22Yeo
j8CdRbyfgek,https://www.youtube.com/watch?v=j8CdRbyfgek
U0mKX8ENRdI,https://www.youtube.com/watch?v=U0mKX8ENRdI
gpAlq2pubIY,https://www.youtube.com/watch?v=gpAlq2pubIY
C4doyS9H8pg,https://www.youtube.com/watch?v=C4doyS9H8pg
RxBlBo834CQ,https://www.youtube.com/watch?v=RxBlBo834CQ
4XNip7Kv04E,https://www.youtube.com/watch?v=4XNip7Kv04E
3KEuXkImqHA,https://www.youtube.com/watch?v=3KEuXkImqHA
WsXVGuHK_SQ,https://www.youtube.com/watch?v=WsXVGuHK_SQ
eHL-dVCl9Ns,https://www.youtube.com/watch?v=eHL-dVCl9Ns
brHSCuR7g6s,https://www.youtube.com/watch?v=brHSCuR7g6s
hJNpFhLiFTw,https://www.youtube.com/watch?v=hJNpFhLiFTw
BY1zD31vfis,https://www.youtube.com/watch?v=BY1zD31vfis
6rJhdPM7izk,https://www.youtube.com/watch?v=6rJhdPM7izk
D8yDmI4gBFE,https://www.youtube.com/watch?v=D8yDmI4gBFE
RRHjpe1_LYQ,https://www.youtube.com/watch?v=RRHjpe1_LYQ
6-3zL0fBniY,https://www.youtube.com/watch?v=6-3zL0fBniY
WEZLhTbHy94,https://www.youtube.com/watch?v=WEZLhTbHy94
hbnTQMTUYJo,https://www.youtube.com/watch?v=hbnTQMTUYJo
UxDf1UPLLdU,https://www.youtube.com/watch?v=UxDf1UPLLdU
EQ-sbHtxBMs,https://www.youtube.com/watch?v=EQ-sbHtxBMs
YwNFSTk3ntY,https://www.youtube.com/watch?v=YwNFSTk3ntY
_bKGSfuEX-w,https://www.youtube.com/watch?v=_bKGSfuEX-w
ZAL-dp--cm8,https://www.youtube.com/watch?v=ZAL-dp--cm8
QbovokxE-DQ,https://www.youtube.com/watch?v=QbovokxE-DQ
s6oENbgQUnw,https://www.youtube.com/watch?v=s6oENbgQUnw
PE0BiQ4ZHLw,https://www.youtube.com/watch?v=PE0BiQ4ZHLw
TtHQ-P8om9k,https://www.youtube.com/watch?v=TtHQ-P8om9k
kUPX1QwrigE,https://www.youtube.com/watch?v=kUPX1QwrigE
gXw_ga8fdPk,https://www.youtube.com/watch?v=gXw_ga8fdPk
PoJK89Cwwpc,https://www.youtube.com/watch?v=PoJK89Cwwpc
MS2HDb77Ovc,https://www.youtube.com/watch?v=MS2HDb77Ovc
WPLeXLe71aU,https://www.youtube.com/watch?v=WPLeXLe71aU
MsCU842H4Fo,https://www.youtube.com/watch?v=MsCU842H4Fo
LOPu02kS7Yg,https://www.youtube.com/watch?v=LOPu02kS7Yg
vx_fNBVKLtU,https://www.youtube.com/watch?v=vx_fNBVKLtU
orQVrQEr44M,https://www.youtube.com/watch?v=orQVrQEr44M
4mzIjlDkuhE,https://www.youtube.com/watch?v=4mzIjlDkuhE
3zx2rbsOcQI,https://www.youtube.com/watch?v=3zx2rbsOcQI
JAPH-TxHiJ8,https://www.youtube.com/watch?v=JAPH-TxHiJ8
od1KhjrpC_A,https://www.youtube.com/watch?v=od1KhjrpC_A
1h3zyv_zNek,https://www.youtube.com/watch?v=1h3zyv_zNek
2nYh7oYf64A,https://www.youtube.com/watch?v=2nYh7oYf64A
w6iReFOGQ70,https://www.youtube.com/watch?v=w6iReFOGQ70
rUdGskQOXLk,https://www.youtube.com/watch?v=rUdGskQOXLk
uwY2vKqd9Ck,https://www.youtube.com/watch?v=uwY2vKqd9Ck
WyFvxYaExbI,https://www.youtube.com/watch?v=WyFvxYaExbI
8Hr7enymtPU,https://www.youtube.com/watch?v=8Hr7enymtPU
MxbIDmcjCHY,https://www.youtube.com/watch?v=MxbIDmcjCHY
RnBwgVRZW-E,https://www.youtube.com/watch?v=RnBwgVRZW-E
A4f3k4r_uGE,https://www.youtube.com/watch?v=A4f3k4r_uGE
qiEYuyzY228,https://www.youtube.com/watch?v=qiEYuyzY228
QrtgL5TmVaU,https://www.youtube.com/watch?v=QrtgL5TmVaU
wL3Gez_UGrI,https://www.youtube.com/watch?v=wL3Gez_UGrI
hCJc1UCXY_Y,https://www.youtube.com/watch?v=hCJc1UCXY_Y
TTMXRpQh714,https://www.youtube.com/watch?v=TTMXRpQh714
Gm7yulVQRtE,https://www.youtube.com/watch?v=Gm7yulVQRtE
jZ3XmPKdhyE,https://www.youtube.com/watch?v=jZ3XmPKdhyE
2vwCinw3HJg,https://www.youtube.com/watch?v=2vwCinw3HJg
qOBsv3-cqZw,https://www.youtube.com/watch?v=qOBsv3-cqZw
2v3QOs7AsJM,https://www.youtube.com/watch?v=2v3QOs7AsJM
ziBMlthpMWw,https://www.youtube.com/watch?v=ziBMlthpMWw
5iwq8O3M9Dc,https://www.youtube.com/watch?v=5iwq8O3M9Dc
FnuqrOCvSuw,https://www.youtube.com/watch?v=FnuqrOCvSuw
o3zuyWtzM3k,https://www.youtube.com/watch?v=o3zuyWtzM3k
54xr-pi0KHo,https://www.youtube.com/watch?v=54xr-pi0KHo
A2wZx43qWGw,https://www.youtube.com/watch?v=A2wZx43qWGw
A3VTNYSbB2k,https://www.youtube.com/watch?v=A3VTNYSbB2k
lRZQLerBaDs,https://www.youtube.com/watch?v=lRZQLerBaDs
U8LRCOixaFI,https://www.youtube.com/watch?v=U8LRCOixaFI
-cuuwcTjJJo,https://www.youtube.com/watch?v=-cuuwcTjJJo
5QQZ4_PcMd0,https://www.youtube.com/watch?v=5QQZ4_PcMd0
_0rGPtercDM,https://www.youtube.com/watch?v=_0rGPtercDM
zdLekIh5_zk,https://www.youtube.com/watch?v=zdLekIh5_zk
G0c8tmHzOAo,https://www.youtube.com/watch?v=G0c8tmHzOAo
OkMkGKvyAz8,https://www.youtube.com/watch?v=OkMkGKvyAz8
T97EOf-UbgA,https://www.youtube.com/watch?v=T97EOf-UbgA
SoflSe9POcA,https://www.youtube.com/watch?v=SoflSe9POcA
h6U_79bW4MQ,https://www.youtube.com/watch?v=h6U_79bW4MQ
xqt1eY9c3x8,https://www.youtube.com/watch?v=xqt1eY9c3x8
h2MIsrCtRzg,https://www.youtube.com/watch?v=h2MIsrCtRzg
_g64ofadwB4,https://www.youtube.com/watch?v=_g64ofadwB4
oz6HFEjrDRA,https://www.youtube.com/watch?v=oz6HFEjrDRA
MeX6cxqdwXU,https://www.youtube.com/watch?v=MeX6cxqdwXU
ooiT9Rhf1gM,https://www.youtube.com/watch?v=ooiT9Rhf1gM
08FTBuoxS6A,https://www.youtube.com/watch?v=08FTBuoxS6A
Wy4MIDDJqJo,https://www.youtube.com/watch?v=Wy4MIDDJqJo
lwpiBA3ut-4,https://www.youtube.com/watch?v=lwpiBA3ut-4
hbPeW-fsGk4,https://www.youtube.com/watch?v=hbPeW-fsGk4
mtQRM3sldWk,https://www.youtube.com/watch?v=mtQRM3sldWk
qzIyWDdrsHs,https://www.youtube.com/watch?v=qzIyWDdrsHs
KzSAa0I2WvY,https://www.youtube.com/watch?v=KzSAa0I2WvY
0PvljQR8_Ds,https://www.youtube.com/watch?v=0PvljQR8_Ds
y05qjywXGk0,https://www.youtube.com/watch?v=y05qjywXGk0
ZIL7VS-vjJo,https://www.youtube.com/watch?v=ZIL7VS-vjJo
DqlQE1TNVwI,https://www.youtube.com/watch?v=DqlQE1TNVwI
rzdpP98_Qlo,https://www.youtube.com/watch?v=rzdpP98_Qlo
q9X8znsqpI8,https://www.youtube.com/watch?v=q9X8znsqpI8
BdkoosTiPwQ,https://www.youtube.com/watch?v=BdkoosTiPwQ
0PyeNOJ1HBk,https://www.youtube.com/watch?v=0PyeNOJ1HBk
n2ISRdf8lP4,https://www.youtube.com/watch?v=n2ISRdf8lP4
oNuFtbn5N_s,https://www.youtube.com/watch?v=oNuFtbn5N_s
R_h19qpQquI,https://www.youtube.com/watch?v=R_h19qpQquI
S7AY4XpFJ2A,https://www.youtube.com/watch?v=S7AY4XpFJ2A
iVNLaTSF0v4,https://www.youtube.com/watch?v=iVNLaTSF0v4
s78pguG6H8Q,https://www.youtube.com/watch?v=s78pguG6H8Q
sKNkQBdmgno,https://www.youtube.com/watch?v=sKNkQBdmgno
WDLTVUzH7hw,https://www.youtube.com/watch?v=WDLTVUzH7hw
GlZeXwFJkEM,https://www.youtube.com/watch?v=GlZeXwFJkEM
94KiPVyMjXI,https://www.youtube.com/watch?v=94KiPVyMjXI
y5-aRisU9iY,https://www.youtube.com/watch?v=y5-aRisU9iY
uw85T7MDXh0,https://www.youtube.com/watch?v=uw85T7MDXh0
pAIbW51UawU,https://www.youtube.com/watch?v=pAIbW51UawU
wiOJzlZVdo8,https://www.youtube.com/watch?v=wiOJzlZVdo8
rd20ZHSnrMI,https://www.youtube.com/watch?v=rd20ZHSnrMI
hkCuvtAxX6k,https://www.youtube.com/watch?v=hkCuvtAxX6k
PG4pnI8tzBs,https://www.youtube.com/watch?v=PG4pnI8tzBs
tD5w0SQunwg,https://www.youtube.com/watch?v=tD5w0SQunwg
C7Sa3bMyekc,https://www.youtube.com/watch?v=C7Sa3bMyekc
yFkZBPIUquY,https://www.youtube.com/watch?v=yFkZBPIUquY
gx-BnnzPyrY,https://www.youtube.com/watch?v=gx-BnnzPyrY
pnoDI5_2jKM,https://www.youtube.com/watch?v=pnoDI5_2jKM
nM19aV3m6N8,https://www.youtube.com/watch?v=nM19aV3m6N8
JLg7ow8z21g,https://www.youtube.com/watch?v=JLg7ow8z21g
ix8l8XsZ684,https://www.youtube.com/watch?v=ix8l8XsZ684
O1FlQU9FHvY,https://www.youtube.com/watch?v=O1FlQU9FHvY
rLWjtpByTlQ,https://www.youtube.com/watch?v=rLWjtpByTlQ
kaIid98YOE8,https://www.youtube.com/watch?v=kaIid98YOE8
kLUq_Ncn2QE,https://www.youtube.com/watch?v=kLUq_Ncn2QE
lF9nNATKIc8,https://www.youtube.com/watch?v=lF9nNATKIc8
6G0ZoESN_7Y,https://www.youtube.com/watch?v=6G0ZoESN_7Y
7wUKZOybyQE,https://www.youtube.com/watch?v=7wUKZOybyQE
WJRkTK7i6e8,https://www.youtube.com/watch?v=WJRkTK7i6e8
u6nrKuPIqpQ,https://www.youtube.com/watch?v=u6nrKuPIqpQ
nShTyFFvCyE,https://www.youtube.com/watch?v=nShTyFFvCyE
J5HItVqQVBI,https://www.youtube.com/watch?v=J5HItVqQVBI
B7BGE6HNAn8,https://www.youtube.com/watch?v=B7BGE6HNAn8
VZMXnRnT6Nw,https://www.youtube.com/watch?v=VZMXnRnT6Nw
sCUsLz5Q_Dw,https://www.youtube.com/watch?v=sCUsLz5Q_Dw
AW3PWX3tOPE,https://www.youtube.com/watch?v=AW3PWX3tOPE
rMV9b7SOIj8,https://www.youtube.com/watch?v=rMV9b7SOIj8
GDnY5YzMTLk,https://www.youtube.com/watch?v=GDnY5YzMTLk
22n26irK-AI,https://www.youtube.com/watch?v=22n26irK-AI
Oj8t897tIMw,https://www.youtube.com/watch?v=Oj8t897tIMw
xxmHX5S3Ztk,https://www.youtube.com/watch?v=xxmHX5S3Ztk
1vpPyhtlTAQ,https://www.youtube.com/watch?v=1vpPyhtlTAQ
mMM2E7lbn_o,https://www.youtube.com/watch?v=mMM2E7lbn_o
oxgOVAsjGRY,https://www.youtube.com/watch?v=oxgOVAsjGRY
4qH9H5R2RCc,https://www.youtube.com/watch?v=4qH9H5R2RCc
oJiRKoeubXk,https://www.youtube.com/watch?v=oJiRKoeubXk
L8WoWE0Ls3s,https://www.youtube.com/watch?v=L8WoWE0Ls3s
cjY2wLUQXNY,https://www.youtube.com/watch?v=cjY2wLUQXNY
d74qfPZ_NvA,https://www.youtube.com/watch?v=d74qfPZ_NvA
CVb21Wg7GK8,https://www.youtube.com/watch?v=CVb21Wg7GK8
wocs5BcTBvQ,https://www.youtube.com/watch?v=wocs5BcTBvQ
Qt-P1uyqGdE,https://www.youtube.com/watch?v=Qt-P1uyqGdE
0PpLhfs4_nk,https://www.youtube.com/watch?v=0PpLhfs4_nk
riS2CnonvGM,https://www.youtube.com/watch?v=riS2CnonvGM
-f1_dwKR0tU,https://www.youtube.com/watch?v=-f1_dwKR0tU
QLpgNGAetNo,https://www.youtube.com/watch?v=QLpgNGAetNo
GYj_iCAd2CY,https://www.youtube.com/watch?v=GYj_iCAd2CY
yTsxBEsHVII,https://www.youtube.com/watch?v=yTsxBEsHVII
uf7QynE2k6U,https://www.youtube.com/watch?v=uf7QynE2k6U
34tVzGaCegA,https://www.youtube.com/watch?v=34tVzGaCegA
uBLCWGtlYI0,https://www.youtube.com/watch?v=uBLCWGtlYI0
qX9nhfu1qq8,https://www.youtube.com/watch?v=qX9nhfu1qq8
VqSKmwWOIwE,https://www.youtube.com/watch?v=VqSKmwWOIwE
Dgf7R0N1yzM,https://www.youtube.com/watch?v=Dgf7R0N1yzM
Tht1HM-6QxI,https://www.youtube.com/watch?v=Tht1HM-6QxI
PXCpGk7iSyg,https://www.youtube.com/watch?v=PXCpGk7iSyg
CwA2I7j5B5I,https://www.youtube.com/watch?v=CwA2I7j5B5I
xrh5fNFo_zA,https://www.youtube.com/watch?v=xrh5fNFo_zA
hjnsGTGgViQ,https://www.youtube.com/watch?v=hjnsGTGgViQ
DRBm40wkQxE,https://www.youtube.com/watch?v=DRBm40wkQxE
rp6-Pbe826M,https://www.youtube.com/watch?v=rp6-Pbe826M
xFXuMQKkg4Y,https://www.youtube.com/watch?v=xFXuMQKkg4Y
7Rtxw6Xe0vs,https://www.youtube.com/watch?v=7Rtxw6Xe0vs
4ia7vmVwDac,https://www.youtube.com/watch?v=4ia7vmVwDac
_HGVjQw7pGA,https://www.youtube.com/watch?v=_HGVjQw7pGA
nzS3mgMYn8I,https://www.youtube.com/watch?v=nzS3mgMYn8I
jL3FcV7xNfc,https://www.youtube.com/watch?v=jL3FcV7xNfc
QJBL3nh1JZs,https://www.youtube.com/watch?v=QJBL3nh1JZs
_E8Q8oco3_Q,https://www.youtube.com/watch?v=_E8Q8oco3_Q
T61537SWfgU,https://www.youtube.com/watch?v=T61537SWfgU
86o-Y0lgoes,https://www.youtube.com/watch?v=86o-Y0lgoes
bBG76-8X7gg,https://www.youtube.com/watch?v=bBG76-8X7gg
oNgkuuKomkE,https://www.youtube.com/watch?v=oNgkuuKomkE
k6awx-m-f04,https://www.youtube.com/watch?v=k6awx-m-f04
5PERUXECTPU,https://www.youtube.com/watch?v=5PERUXECTPU
cWM2xWnFAtQ,https://www.youtube.com/watch?v=cWM2xWnFAtQ
6pv-qLXBeh4,https://www.youtube.com/watch?v=6pv-qLXBeh4
D0tcEU90L3Q,https://www.youtube.com/watch?v=D0tcEU90L3Q
bH6V0lYXY5M,https://www.youtube.com/watch?v=bH6V0lYXY5M
sqrVUu3acfo,https://www.youtube.com/watch?v=sqrVUu3acfo
PSGT_l6tyYI,https://www.youtube.com/watch?v=PSGT_l6tyYI
AxyQaBs9tso,https://www.youtube.com/watch?v=AxyQaBs9tso
YW7pReb9QkA,https://www.youtube.com/watch?v=YW7pReb9QkA
xQV0Amlyoxk,https://www.youtube.com/watch?v=xQV0Amlyoxk
RrzyLshFg8M,https://www.youtube.com/watch?v=RrzyLshFg8M
tsPo-Aq0EHY,https://www.youtube.com/watch?v=tsPo-Aq0EHY
yxjZQGEktFE,https://www.youtube.com/watch?v=yxjZQGEktFE
Rpdc86-I5y8,https://www.youtube.com/watch?v=Rpdc86-I5y8
1-ZDgZpwqTo,https://www.youtube.com/watch?v=1-ZDgZpwqTo
3JHzlo2hPyA,https://www.youtube.com/watch?v=3JHzlo2hPyA
eOoteg15UrA,https://www.youtube.com/watch?v=eOoteg15UrA
wIjQ3blu37w,https://www.youtube.com/watch?v=wIjQ3blu37w
GnPtaarNvXg,https://www.youtube.com/watch?v=GnPtaarNvXg
8tvGs254H_k,https://www.youtube.com/watch?v=8tvGs254H_k
Fedh3cBcF9I,https://www.youtube.com/watch?v=Fedh3cBcF9I
djY0hifqT-E,https://www.youtube.com/watch?v=djY0hifqT-E
2hS55i2nB4I,https://www.youtube.com/watch?v=2hS55i2nB4I
PsFpqOlqUT0,https://www.youtube.com/watch?v=PsFpqOlqUT0
hpvd9hyRfmo,https://www.youtube.com/watch?v=hpvd9hyRfmo
cXqIn9m7vKY,https://www.youtube.com/watch?v=cXqIn9m7vKY
7UKsY_7SWwQ,https://www.youtube.com/watch?v=7UKsY_7SWwQ
aNpurdqwUoI,https://www.youtube.com/watch?v=aNpurdqwUoI
g2TbcWfSSSk,https://www.youtube.com/watch?v=g2TbcWfSSSk
7wM38dRjV-4,https://www.youtube.com/watch?v=7wM38dRjV-4
1y6HLxIu4Tg,https://www.youtube.com/watch?v=1y6HLxIu4Tg
eqxWRM72W8U,https://www.youtube.com/watch?v=eqxWRM72W8U
pyggnWM3upw,https://www.youtube.com/watch?v=pyggnWM3upw
Y3YkHKc4Rrc,https://www.youtube.com/watch?v=Y3YkHKc4Rrc
nbKXfytNNAI,https://www.youtube.com/watch?v=nbKXfytNNAI
iIEIymNKnS4,https://www.youtube.com/watch?v=iIEIymNKnS4
ei5FLRoVvgA,https://www.youtube.com/watch?v=ei5FLRoVvgA
7hErU8KBIaQ,https://www.youtube.com/watch?v=7hErU8KBIaQ
djtzZS0Orso,https://www.youtube.com/watch?v=djtzZS0Orso
bFLK0YEwgnA,https://www.youtube.com/watch?v=bFLK0YEwgnA
l8JNYYdMd90,https://www.youtube.com/watch?v=l8JNYYdMd90
Fbr7aN9JlUo,https://www.youtube.com/watch?v=Fbr7aN9JlUo
qpFUGMc1LaQ,https://www.youtube.com/watch?v=qpFUGMc1LaQ
q4avBK7VFPE,https://www.youtube.com/watch?v=q4avBK7VFPE
DS5Zpj3a7LI,https://www.youtube.com/watch?v=DS5Zpj3a7LI
v4QqgB5Tjzk,https://www.youtube.com/watch?v=v4QqgB5Tjzk
r-Hf050x0OY,https://www.youtube.com/watch?v=r-Hf050x0OY
YQWx96gkUjg,https://www.youtube.com/watch?v=YQWx96gkUjg
eBmvUlxSpXw,https://www.youtube.com/watch?v=eBmvUlxSpXw
r762_e21YiI,https://www.youtube.com/watch?v=r762_e21YiI
1uUj_aJbr_c,https://www.youtube.com/watch?v=1uUj_aJbr_c
M29GfsVpHTs,https://www.youtube.com/watch?v=M29GfsVpHTs
7bct2ny2y6U,https://www.youtube.com/watch?v=7bct2ny2y6U
rkIwuEIXtvQ,https://www.youtube.com/watch?v=rkIwuEIXtvQ
XmF_7OFoxro,https://www.youtube.com/watch?v=XmF_7OFoxro
HAZ-_UET-sc,https://www.youtube.com/watch?v=HAZ-_UET-sc
Jf4yzKz5Bg4,https://www.youtube.com/watch?v=Jf4yzKz5Bg4
t1E7vWOGEfI,https://www.youtube.com/watch?v=t1E7vWOGEfI
nECy4mMBE7o,https://www.youtube.com/watch?v=nECy4mMBE7o
V27OZNMX-D8,https://www.youtube.com/watch?v=V27OZNMX-D8
qXBuFVnAlnY,https://www.youtube.com/watch?v=qXBuFVnAlnY
LLLogGLT92k,https://www.youtube.com/watch?v=LLLogGLT92k
m-r4hVYSsN0,https://www.youtube.com/watch?v=m-r4hVYSsN0
6R9ThwmfynY,https://www.youtube.com/watch?v=6R9ThwmfynY
I13-7Nba7I8,https://www.youtube.com/watch?v=I13-7Nba7I8
giB9fbcaMMQ,https://www.youtube.com/watch?v=giB9fbcaMMQ
212DF3Kn3To,https://www.youtube.com/watch?v=212DF3Kn3To
cpGhsAp5Asw,https://www.youtube.com/watch?v=cpGhsAp5Asw
uFGgSX-e7Cs,https://www.youtube.com/watch?v=uFGgSX-e7Cs
kX4mHtFhO4o,https://www.youtube.com/watch?v=kX4mHtFhO4o
Zqppn996lCQ,https://www.youtube.com/watch?v=Zqppn996lCQ
xxgfgP4bwhg,https://www.youtube.com/watch?v=xxgfgP4bwhg
ACbfnpWGQyE,https://www.youtube.com/watch?v=ACbfnpWGQyE
7_y4q1nEB4g,https://www.youtube.com/watch?v=7_y4q1nEB4g
uiztwGspy30,https://www.youtube.com/watch?v=uiztwGspy30
epYSnNP7Xmw,https://www.youtube.com/watch?v=epYSnNP7Xmw
4pXJ3u37V24,https://www.youtube.com/watch?v=4pXJ3u37V24
qTJ6aF28hR0,https://www.youtube.com/watch?v=qTJ6aF28hR0
aCsBbyUS8Yw,https://www.youtube.com/watch?v=aCsBbyUS8Yw
3AlL4zF2pL4,https://www.youtube.com/watch?v=3AlL4zF2pL4
mxFRTvGazao,https://www.youtube.com/watch?v=mxFRTvGazao
Yw4yiW3d-ws,https://www.youtube.com/watch?v=Yw4yiW3d-ws
F3LMxQbHTR8,https://www.youtube.com/watch?v=F3LMxQbHTR8
oe8sqrhhFTI,https://www.youtube.com/watch?v=oe8sqrhhFTI
z2eeDNEqaH8,https://www.youtube.com/watch?v=z2eeDNEqaH8
erq991Jarek,https://www.youtube.com/watch?v=erq991Jarek
kMAAg3nCn3Y,https://www.youtube.com/watch?v=kMAAg3nCn3Y
Pnwel2JfS-4,https://www.youtube.com/watch?v=Pnwel2JfS-4
x7HF8BzKcJc,https://www.youtube.com/watch?v=x7HF8BzKcJc
f1CNzyFDeR8,https://www.youtube.com/watch?v=f1CNzyFDeR8
RoCmrXvaT1Q,https://www.youtube.com/watch?v=RoCmrXvaT1Q
U1ufitHRjDo,https://www.youtube.com/watch?v=U1ufitHRjDo
b-Qz6PZlKWY,https://www.youtube.com/watch?v=b-Qz6PZlKWY
-BBNTBMK-gc,https://www.youtube.com/watch?v=-BBNTBMK-gc
Wg7bWA2ho1Y,https://www.youtube.com/watch?v=Wg7bWA2ho1Y
AjiR5Qe2w_c,https://www.youtube.com/watch?v=AjiR5Qe2w_c
b1evSP36Qvo,https://www.youtube.com/watch?v=b1evSP36Qvo
gZgCOTnSrJ4,https://www.youtube.com/watch?v=gZgCOTnSrJ4
aPx43RtJL-I,https://www.youtube.com/watch?v=aPx43RtJL-I
0Gd_EY2AeDA,https://www.youtube.com/watch?v=0Gd_EY2AeDA
w7YuwEHM9fM,https://www.youtube.com/watch?v=w7YuwEHM9fM
Uq2u30EB8FA,https://www.youtube.com/watch?v=Uq2u30EB8FA
Vy4QfoQ2Sqk,https://www.youtube.com/watch?v=Vy4QfoQ2Sqk
6oTbQ4VjIT4,https://www.youtube.com/watch?v=6oTbQ4VjIT4
J7f5WEL9fz8,https://www.youtube.com/watch?v=J7f5WEL9fz8
pLBHn2OQZzQ,https://www.youtube.com/watch?v=pLBHn2OQZzQ
w4RFsRflnzU,https://www.youtube.com/watch?v=w4RFsRflnzU
tpklKxwrWoM,https://www.youtube.com/watch?v=tpklKxwrWoM
oP3XffWKbXw,https://www.youtube.com/watch?v=oP3XffWKbXw
h_UeKi95Ouw,https://www.youtube.com/watch?v=h_UeKi95Ouw
R_eoTvv_Fnk,https://www.youtube.com/watch?v=R_eoTvv_Fnk
qhw6A6oq0yQ,https://www.youtube.com/watch?v=qhw6A6oq0yQ
1sdL8YX4tQ8,https://www.youtube.com/watch?v=1sdL8YX4tQ8
Yx16rbsOYEk,https://www.youtube.com/watch?v=Yx16rbsOYEk
G-pt9EUdNcY,https://www.youtube.com/watch?v=G-pt9EUdNcY
lbX9D-r15tY,https://www.youtube.com/watch?v=lbX9D-r15tY
JHsgtkEcWGg,https://www.youtube.com/watch?v=JHsgtkEcWGg
NJ1K6yZKFO8,https://www.youtube.com/watch?v=NJ1K6yZKFO8
CZpwdmbtqVE,https://www.youtube.com/watch?v=CZpwdmbtqVE
O6hOqCrWOf0,https://www.youtube.com/watch?v=O6hOqCrWOf0
22_OO4s7uIU,https://www.youtube.com/watch?v=22_OO4s7uIU
medC56he4zw,https://www.youtube.com/watch?v=medC56he4zw
TjTfFgK6hOU,https://www.youtube.com/watch?v=TjTfFgK6hOU
eM1YgHS_Kto,https://www.youtube.com/watch?v=eM1YgHS_Kto
XXrHQCVBQyc,https://www.youtube.com/watch?v=XXrHQCVBQyc
v8MM5eeBqxE,https://www.youtube.com/watch?v=v8MM5eeBqxE
WvS8eBHqIvU,https://www.youtube.com/watch?v=WvS8eBHqIvU
DQUlrK6cStk,https://www.youtube.com/watch?v=DQUlrK6cStk
0jfiCi0F3CA,https://www.youtube.com/watch?v=0jfiCi0F3CA
Vx6bYQ9SpUM,https://www.youtube.com/watch?v=Vx6bYQ9SpUM
loqRNyyoavU,https://www.youtube.com/watch?v=loqRNyyoavU
qt0n52B351Y,https://www.youtube.com/watch?v=qt0n52B351Y
2YG7cnz65D4,https://www.youtube.com/watch?v=2YG7cnz65D4
2f249gKjVk4,https://www.youtube.com/watch?v=2f249gKjVk4
dPXqoCmTdjA,https://www.youtube.com/watch?v=dPXqoCmTdjA
K8Ur2JI5vSI,https://www.youtube.com/watch?v=K8Ur2JI5vSI
kBe5zO-IcuM,https://www.youtube.com/watch?v=kBe5zO-IcuM
F5WF9q8V_Aw,https://www.youtube.com/watch?v=F5WF9q8V_Aw
Q1-VDfTuDdE,https://www.youtube.com/watch?v=Q1-VDfTuDdE
LmBNSfyShZ8,https://www.youtube.com/watch?v=LmBNSfyShZ8
kbfqF8bUZBg,https://www.youtube.com/watch?v=kbfqF8bUZBg
FIoUut8EdgM,https://www.youtube.com/watch?v=FIoUut8EdgM
gFiRHTNfrG4,https://www.youtube.com/watch?v=gFiRHTNfrG4
bcU-ftBghio,https://www.youtube.com/watch?v=bcU-ftBghio
fwNtp4ioKY4,https://www.youtube.com/watch?v=fwNtp4ioKY4
9Jgq04GZLko,https://www.youtube.com/watch?v=9Jgq04GZLko
pAU_taoV-uY,https://www.youtube.com/watch?v=pAU_taoV-uY
FTobg1XgbIg,https://www.youtube.com/watch?v=FTobg1XgbIg
_gVF8RERIX4,https://www.youtube.com/watch?v=_gVF8RERIX4
_o8HNMo6eiA,https://www.youtube.com/watch?v=_o8HNMo6eiA
kSFEftF-hFo,https://www.youtube.com/watch?v=kSFEftF-hFo
7VaAD2rid6M,https://www.youtube.com/watch?v=7VaAD2rid6M
_aFpfoXtxwo,https://www.youtube.com/watch?v=_aFpfoXtxwo
rZwy62iJn6M,https://www.youtube.com/watch?v=rZwy62iJn6M
_r8NTEtTM1M,https://www.youtube.com/watch?v=_r8NTEtTM1M
ZzDxusNK_Is,https://www.youtube.com/watch?v=ZzDxusNK_Is
X0QaQxn1dZc,https://www.youtube.com/watch?v=X0QaQxn1dZc
ChTpMWBr4ms,https://www.youtube.com/watch?v=ChTpMWBr4ms
zCDIlGqnzlc,https://www.youtube.com/watch?v=zCDIlGqnzlc
_KkJZowvK5Q,https://www.youtube.com/watch?v=_KkJZowvK5Q
KJbBwa62jqI,https://www.youtube.com/watch?v=KJbBwa62jqI
PeP0BV7h9lo,https://www.youtube.com/watch?v=PeP0BV7h9lo
4v3bBWJiw58,https://www.youtube.com/watch?v=4v3bBWJiw58
5POTiGB4F_Y,https://www.youtube.com/watch?v=5POTiGB4F_Y
o16jX2lo61M,https://www.youtube.com/watch?v=o16jX2lo61M
EEHRNG6i5lQ,https://www.youtube.com/watch?v=EEHRNG6i5lQ
znSq0f2QgnU,https://www.youtube.com/watch?v=znSq0f2QgnU
PIHvFDONcHw,https://www.youtube.com/watch?v=PIHvFDONcHw
vrLvZcbENTc,https://www.youtube.com/watch?v=vrLvZcbENTc
OvWmt4EXNg8,https://www.youtube.com/watch?v=OvWmt4EXNg8
7h_2aR-mzrA,https://www.youtube.com/watch?v=7h_2aR-mzrA
3G_JQhLJZoo,https://www.youtube.com/watch?v=3G_JQhLJZoo
9v6rlTaCaUk,https://www.youtube.com/watch?v=9v6rlTaCaUk
VV94VQaKWY8,https://www.youtube.com/watch?v=VV94VQaKWY8
LAdQn-zjXo4,https://www.youtube.com/watch?v=LAdQn-zjXo4
TBFlijXUinA,https://www.youtube.com/watch?v=TBFlijXUinA
yL-_GIbBPx0,https://www.youtube.com/watch?v=yL-_GIbBPx0
pIzCKnFDAL0,https://www.youtube.com/watch?v=pIzCKnFDAL0
6MbOhzILB3E,https://www.youtube.com/watch?v=6MbOhzILB3E
diJF-eCgHFI,https://www.youtube.com/watch?v=diJF-eCgHFI
-4v2DdG7QRU,https://www.youtube.com/watch?v=-4v2DdG7QRU
rYlGrW54Jyg,https://www.youtube.com/watch?v=rYlGrW54Jyg
p4Z8ya4vcvw,https://www.youtube.com/watch?v=p4Z8ya4vcvw
JHp6AVQV_9M,https://www.youtube.com/watch?v=JHp6AVQV_9M
jMzMwJTx6jg,https://www.youtube.com/watch?v=jMzMwJTx6jg
jdcyLZbCQ-c,https://www.youtube.com/watch?v=jdcyLZbCQ-c
75Igv93QegI,https://www.youtube.com/watch?v=75Igv93QegI
4CQr_0yRJIE,https://www.youtube.com/watch?v=4CQr_0yRJIE
CSWohotUy3I,https://www.youtube.com/watch?v=CSWohotUy3I
nLmeJ8kZe7U,https://www.youtube.com/watch?v=nLmeJ8kZe7U
9_422BvM6QI,https://www.youtube.com/watch?v=9_422BvM6QI
AfRhvodjRGg,https://www.youtube.com/watch?v=AfRhvodjRGg
PszFg5Bmhb8,https://www.youtube.com/watch?v=PszFg5Bmhb8
eeJjWFM8Ois,https://www.youtube.com/watch?v=eeJjWFM8Ois
_8pjL2MaJm4,https://www.youtube.com/watch?v=_8pjL2MaJm4
9xiTyl9_kuo,https://www.youtube.com/watch?v=9xiTyl9_kuo
48oTFl_CL3A,https://www.youtube.com/watch?v=48oTFl_CL3A
6ZucMpw6Lho,https://www.youtube.com/watch?v=6ZucMpw6Lho
P4j4tkapVIA,https://www.youtube.com/watch?v=P4j4tkapVIA
9LSZatSIASY,https://www.youtube.com/watch?v=9LSZatSIASY
-Z1tKWba338,https://www.youtube.com/watch?v=-Z1tKWba338
4X9u6km1slA,https://www.youtube.com/watch?v=4X9u6km1slA
_7t8Nu2tgTg,https://www.youtube.com/watch?v=_7t8Nu2tgTg
zZWLuydFPu8,https://www.youtube.com/watch?v=zZWLuydFPu8
0PyUJSKf8NU,https://www.youtube.com/watch?v=0PyUJSKf8NU
v9VSKkNEamo,https://www.youtube.com/watch?v=v9VSKkNEamo
xWH4O8-ebIg,https://www.youtube.com/watch?v=xWH4O8-ebIg
0ahEwciCXeE,https://www.youtube.com/watch?v=0ahEwciCXeE
h0yUeWQLllw,https://www.youtube.com/watch?v=h0yUeWQLllw
M6YatCX0NEw,https://www.youtube.com/watch?v=M6YatCX0NEw
N2VqPUWgHwE,https://www.youtube.com/watch?v=N2VqPUWgHwE
uPMCTuOghWo,https://www.youtube.com/watch?v=uPMCTuOghWo
Qme6SyOwAfE,https://www.youtube.com/watch?v=Qme6SyOwAfE
2D15acSF1qo,https://www.youtube.com/watch?v=2D15acSF1qo
KyDXvXdVjF8,https://www.youtube.com/watch?v=KyDXvXdVjF8
4T6G0wu6YGw,https://www.youtube.com/watch?v=4T6G0wu6YGw
2cuD-4r7xhA,https://www.youtube.com/watch?v=2cuD-4r7xhA
AB42sHi_XJ0,https://www.youtube.com/watch?v=AB42sHi_XJ0
SnmvWdesOrs,https://www.youtube.com/watch?v=SnmvWdesOrs
oTXE5frJw3A,https://www.youtube.com/watch?v=oTXE5frJw3A
S6Xe2g0-5cI,https://www.youtube.com/watch?v=S6Xe2g0-5cI
WvI3GXgpfQo,https://www.youtube.com/watch?v=WvI3GXgpfQo
MxI7xzkMAzg,https://www.youtube.com/watch?v=MxI7xzkMAzg
mcjdPWQXC2c,https://www.youtube.com/watch?v=mcjdPWQXC2c
c9kV3VmBf74,https://www.youtube.com/watch?v=c9kV3VmBf74
h0CVPIvXSME,https://www.youtube.com/watch?v=h0CVPIvXSME
-255PBmtyH4,https://www.youtube.com/watch?v=-255PBmtyH4
uQusnim-65o,https://www.youtube.com/watch?v=uQusnim-65o
6aWE81FV8Hs,https://www.youtube.com/watch?v=6aWE81FV8Hs
BAw3LzwMNpQ,https://www.youtube.com/watch?v=BAw3LzwMNpQ
NzYcaLBztwk,https://www.youtube.com/watch?v=NzYcaLBztwk
7nQM7sjFRHo,https://www.youtube.com/watch?v=7nQM7sjFRHo
hYi1pxH-xBU,https://www.youtube.com/watch?v=hYi1pxH-xBU
-oPhQl-_2YY,https://www.youtube.com/watch?v=-oPhQl-_2YY
4MISNdgQbdo,https://www.youtube.com/watch?v=4MISNdgQbdo
b04BbDKF-Vs,https://www.youtube.com/watch?v=b04BbDKF-Vs
O7aYSnMUisI,https://www.youtube.com/watch?v=O7aYSnMUisI
QQDCsvPIkws,https://www.youtube.com/watch?v=QQDCsvPIkws
VK6VigtGnTQ,https://www.youtube.com/watch?v=VK6VigtGnTQ
291StfZfYco,https://www.youtube.com/watch?v=291StfZfYco
iUFiad4vGfc,https://www.youtube.com/watch?v=iUFiad4vGfc
GDWvYZTNjLI,https://www.youtube.com/watch?v=GDWvYZTNjLI
T_28m8EVZKg,https://www.youtube.com/watch?v=T_28m8EVZKg
bAEktu-n24I,https://www.youtube.com/watch?v=bAEktu-n24I
GIGrnGXMYe4,https://www.youtube.com/watch?v=GIGrnGXMYe4
a0kHdYADzf4,https://www.youtube.com/watch?v=a0kHdYADzf4
iLZjZbNTuEo,https://www.youtube.com/watch?v=iLZjZbNTuEo
7PwvoRWXivY,https://www.youtube.com/watch?v=7PwvoRWXivY
mlubtdG6yfo,https://www.youtube.com/watch?v=mlubtdG6yfo
w1K9W6Qxj_8,https://www.youtube.com/watch?v=w1K9W6Qxj_8
YZ2dnncF1n0,https://www.youtube.com/watch?v=YZ2dnncF1n0
y22kkVWoDWs,https://www.youtube.com/watch?v=y22kkVWoDWs
4k4Dc_qVOXE,https://www.youtube.com/watch?v=4k4Dc_qVOXE
ruvRuhd-bFs,https://www.youtube.com/watch?v=ruvRuhd-bFs
2EsqsyRwjZs,https://www.youtube.com/watch?v=2EsqsyRwjZs
SSRLgeJq6a0,https://www.youtube.com/watch?v=SSRLgeJq6a0
dgoVnmFt6dE,https://www.youtube.com/watch?v=dgoVnmFt6dE
gA0VbLgt6Bc,https://www.youtube.com/watch?v=gA0VbLgt6Bc
aMjViCh-GEg,https://www.youtube.com/watch?v=aMjViCh-GEg
-RC75V6BXLA,https://www.youtube.com/watch?v=-RC75V6BXLA
N4FpOVCkM5c,https://www.youtube.com/watch?v=N4FpOVCkM5c
5pXVBjTAUVs,https://www.youtube.com/watch?v=5pXVBjTAUVs
aBcb46Itzcg,https://www.youtube.com/watch?v=aBcb46Itzcg
JGJlP7sNRew,https://www.youtube.com/watch?v=JGJlP7sNRew
VGvRI7DWUtY,https://www.youtube.com/watch?v=VGvRI7DWUtY
06OSZA7gkPQ,https://www.youtube.com/watch?v=06OSZA7gkPQ
YCrZYt1kBRs,https://www.youtube.com/watch?v=YCrZYt1kBRs
zAYHU2P99Fk,https://www.youtube.com/watch?v=zAYHU2P99Fk
gDXnCgfGtGA,https://www.youtube.com/watch?v=gDXnCgfGtGA
kyt4MEuDbAg,https://www.youtube.com/watch?v=kyt4MEuDbAg
mUGH8rIY5aA,https://www.youtube.com/watch?v=mUGH8rIY5aA
3Qx5_4mAXMM,https://www.youtube.com/watch?v=3Qx5_4mAXMM
b09_sjqHm1I,https://www.youtube.com/watch?v=b09_sjqHm1I
xB3yjigidao,https://www.youtube.com/watch?v=xB3yjigidao
EMiwXSUIUtY,https://www.youtube.com/watch?v=EMiwXSUIUtY
3mkJLBcSlYk,https://www.youtube.com/watch?v=3mkJLBcSlYk
xh95L77_Mgo,https://www.youtube.com/watch?v=xh95L77_Mgo
_Guw_0wzRe4,https://www.youtube.com/watch?v=_Guw_0wzRe4
47MTelbdlNM,https://www.youtube.com/watch?v=47MTelbdlNM
rvTgIvPasko,https://www.youtube.com/watch?v=rvTgIvPasko
8_qGEFnfjB0,https://www.youtube.com/watch?v=8_qGEFnfjB0
9_KOyN1XIVI,https://www.youtube.com/watch?v=9_KOyN1XIVI
NAjz4toNuBQ,https://www.youtube.com/watch?v=NAjz4toNuBQ
nKTyB7dGg7c,https://www.youtube.com/watch?v=nKTyB7dGg7c
iCovaLeHneA,https://www.youtube.com/watch?v=iCovaLeHneA
q7ksJLF9p-4,https://www.youtube.com/watch?v=q7ksJLF9p-4
npJIJ-_UqWM,https://www.youtube.com/watch?v=npJIJ-_UqWM
uu-I1mTxEp0,https://www.youtube.com/watch?v=uu-I1mTxEp0
fF3oJq6QE24,https://www.youtube.com/watch?v=fF3oJq6QE24
CoCL2fUBGN0,https://www.youtube.com/watch?v=CoCL2fUBGN0
xZ6Ad_lKOos,https://www.youtube.com/watch?v=xZ6Ad_lKOos
2rTqBnn-lUE,https://www.youtube.com/watch?v=2rTqBnn-lUE
LZfDekOwBDA,https://www.youtube.com/watch?v=LZfDekOwBDA
5L6F2TMb3lk,https://www.youtube.com/watch?v=5L6F2TMb3lk
-Y-zE6gf5XQ,https://www.youtube.com/watch?v=-Y-zE6gf5XQ
ui0utptn_Wc,https://www.youtube.com/watch?v=ui0utptn_Wc
H0s5rf4oUvU,https://www.youtube.com/watch?v=H0s5rf4oUvU
48NF0GWFnbY,https://www.youtube.com/watch?v=48NF0GWFnbY
vEQJs2pKoUI,https://www.youtube.com/watch?v=vEQJs2pKoUI
ZPXCXV8A6Gg,https://www.youtube.com/watch?v=ZPXCXV8A6Gg
daN7DCFn724,https://www.youtube.com/watch?v=daN7DCFn724
0B2cDXnU6_k,https://www.youtube.com/watch?v=0B2cDXnU6_k
Sk-mv1xTozk,https://www.youtube.com/watch?v=Sk-mv1xTozk
uC8ju94ekuw,https://www.youtube.com/watch?v=uC8ju94ekuw
9BBvxQMx4KY,https://www.youtube.com/watch?v=9BBvxQMx4KY
MH0r_H183i0,https://www.youtube.com/watch?v=MH0r_H183i0
Nc5MybxrwnY,https://www.youtube.com/watch?v=Nc5MybxrwnY
vMHIF8CrlJc,https://www.youtube.com/watch?v=vMHIF8CrlJc
oDENFQR5giw,https://www.youtube.com/watch?v=oDENFQR5giw
XJptsbuvvKs,https://www.youtube.com/watch?v=XJptsbuvvKs
yfG4E1W7F0U,https://www.youtube.com/watch?v=yfG4E1W7F0U
GXjccgsGmM0,https://www.youtube.com/watch?v=GXjccgsGmM0
i4tG6CqPc-g,https://www.youtube.com/watch?v=i4tG6CqPc-g
o_EpfDyJIio,https://www.youtube.com/watch?v=o_EpfDyJIio
kIoCyeahvpA,https://www.youtube.com/watch?v=kIoCyeahvpA
RZEdqAn56Rg,https://www.youtube.com/watch?v=RZEdqAn56Rg
dD-CDEZOKx0,https://www.youtube.com/watch?v=dD-CDEZOKx0
TLaIAgMl9AI,https://www.youtube.com/watch?v=TLaIAgMl9AI
rf1NXzjAKEM,https://www.youtube.com/watch?v=rf1NXzjAKEM
Dokoa9XRzBA,https://www.youtube.com/watch?v=Dokoa9XRzBA
zPzyC52Y3zk,https://www.youtube.com/watch?v=zPzyC52Y3zk
1NUblU1RfBM,https://www.youtube.com/watch?v=1NUblU1RfBM
N8FJJHKzIb0,https://www.youtube.com/watch?v=N8FJJHKzIb0
vl7iuUGaxgg,https://www.youtube.com/watch?v=vl7iuUGaxgg
BrNJX8PkyM4,https://www.youtube.com/watch?v=BrNJX8PkyM4
iK_WQhZHxso,https://www.youtube.com/watch?v=iK_WQhZHxso
kS_GPwaRWj4,https://www.youtube.com/watch?v=kS_GPwaRWj4
NHTfjs306sw,https://www.youtube.com/watch?v=NHTfjs306sw
v0cofBZOosI,https://www.youtube.com/watch?v=v0cofBZOosI
ZnmHrImCJ_g,https://www.youtube.com/watch?v=ZnmHrImCJ_g
YYWo0y9UOqQ,https://www.youtube.com/watch?v=YYWo0y9UOqQ
Cby2twq2PYQ,https://www.youtube.com/watch?v=Cby2twq2PYQ
cru6GR7kTf8,https://www.youtube.com/watch?v=cru6GR7kTf8
cl55uqPd0_c,https://www.youtube.com/watch?v=cl55uqPd0_c
R3jycnWiTo8,https://www.youtube.com/watch?v=R3jycnWiTo8
DiNXvdDe8G4,https://www.youtube.com/watch?v=DiNXvdDe8G4
EFAn0ItDScA,https://www.youtube.com/watch?v=EFAn0ItDScA
a0QzpE9IXXQ,https://www.youtube.com/watch?v=a0QzpE9IXXQ
PJ1hpEAgBJQ,https://www.youtube.com/watch?v=PJ1hpEAgBJQ
cpT9adHBPDc,https://www.youtube.com/watch?v=cpT9adHBPDc
Ajjo-eW-9tU,https://www.youtube.com/watch?v=Ajjo-eW-9tU
4kizoBHW-oA,https://www.youtube.com/watch?v=4kizoBHW-oA
8Z1gXiAVZTg,https://www.youtube.com/watch?v=8Z1gXiAVZTg
_1Op8Q7bQk4,https://www.youtube.com/watch?v=_1Op8Q7bQk4
GbLuUYrlmPI,https://www.youtube.com/watch?v=GbLuUYrlmPI
fRtIte-skvw,https://www.youtube.com/watch?v=fRtIte-skvw
eWc8QZ-rzzg,https://www.youtube.com/watch?v=eWc8QZ-rzzg
zMdzcYp-UxQ,https://www.youtube.com/watch?v=zMdzcYp-UxQ
40N4WXKNixU,https://www.youtube.com/watch?v=40N4WXKNixU
Bu-xzRYMuGI,https://www.youtube.com/watch?v=Bu-xzRYMuGI
R5d2DiPbEPk,https://www.youtube.com/watch?v=R5d2DiPbEPk
Lwf-Wopip7M,https://www.youtube.com/watch?v=Lwf-Wopip7M
qMT9uN2oEK4,https://www.youtube.com/watch?v=qMT9uN2oEK4
QDP8i1eWnOE,https://www.youtube.com/watch?v=QDP8i1eWnOE
MfS1n6HnmaQ,https://www.youtube.com/watch?v=MfS1n6HnmaQ
eDuacfoxDgE,https://www.youtube.com/watch?v=eDuacfoxDgE
Yrm9jgWQwMw,https://www.youtube.com/watch?v=Yrm9jgWQwMw
3vnUhVH8F84,https://www.youtube.com/watch?v=3vnUhVH8F84
UiQVUfOjjNc,https://www.youtube.com/watch?v=UiQVUfOjjNc
ad-a3TuEXF8,https://www.youtube.com/watch?v=ad-a3TuEXF8
Wi9_f2yHl-I,https://www.youtube.com/watch?v=Wi9_f2yHl-I
LB60Sh6GlQ0,https://www.youtube.com/watch?v=LB60Sh6GlQ0
7dqyvuExRsw,https://www.youtube.com/watch?v=7dqyvuExRsw
FKKYf5-Y3rU,https://www.youtube.com/watch?v=FKKYf5-Y3rU
P6EitVu0wV8,https://www.youtube.com/watch?v=P6EitVu0wV8
gagycikTRT8,https://www.youtube.com/watch?v=gagycikTRT8
mIEKewaHhTw,https://www.youtube.com/watch?v=mIEKewaHhTw
2wWazXBSFEk,https://www.youtube.com/watch?v=2wWazXBSFEk
IEam67JQ710,https://www.youtube.com/watch?v=IEam67JQ710
m3zD780WMCw,https://www.youtube.com/watch?v=m3zD780WMCw
BYpS9Kvn6ww,https://www.youtube.com/watch?v=BYpS9Kvn6ww
epgC25lvXcI,https://www.youtube.com/watch?v=epgC25lvXcI
LUueuAXGHew,https://www.youtube.com/watch?v=LUueuAXGHew
HkQpvvq89MU,https://www.youtube.com/watch?v=HkQpvvq89MU
3T3pe_klVXw,https://www.youtube.com/watch?v=3T3pe_klVXw
YAaycBM-chw,https://www.youtube.com/watch?v=YAaycBM-chw
kb5S5OKr7EY,https://www.youtube.com/watch?v=kb5S5OKr7EY
b2B-_raYNIk,https://www.youtube.com/watch?v=b2B-_raYNIk
bL-IAHuzUf8,https://www.youtube.com/watch?v=bL-IAHuzUf8
bsIf8-fOxfM,https://www.youtube.com/watch?v=bsIf8-fOxfM
iKzMUUWcL1Y,https://www.youtube.com/watch?v=iKzMUUWcL1Y
ujg38ZArQzI,https://www.youtube.com/watch?v=ujg38ZArQzI
QPsIUTHqsvg,https://www.youtube.com/watch?v=QPsIUTHqsvg
R_bEZBfAAII,https://www.youtube.com/watch?v=R_bEZBfAAII
-OD08yfSC5M,https://www.youtube.com/watch?v=-OD08yfSC5M
apuJuzdj5T0,https://www.youtube.com/watch?v=apuJuzdj5T0
lRDAKzh4WgY,https://www.youtube.com/watch?v=lRDAKzh4WgY
-JWF1JV0F3A,https://www.youtube.com/watch?v=-JWF1JV0F3A
_gH_3LgOZDk,https://www.youtube.com/watch?v=_gH_3LgOZDk
71rEHXS5PEc,https://www.youtube.com/watch?v=71rEHXS5PEc
vq_XPv4hNUc,https://www.youtube.com/watch?v=vq_XPv4hNUc
lQEDCqghxVc,https://www.youtube.com/watch?v=lQEDCqghxVc
NdT6SWhY0q0,https://www.youtube.com/watch?v=NdT6SWhY0q0
3x98slxZVWc,https://www.youtube.com/watch?v=3x98slxZVWc
HxThhrgITvQ,https://www.youtube.com/watch?v=HxThhrgITvQ
ol1FhrofTDw,https://www.youtube.com/watch?v=ol1FhrofTDw
0teQoQSTfik,https://www.youtube.com/watch?v=0teQoQSTfik
Tuwbvq0iIxM,https://www.youtube.com/watch?v=Tuwbvq0iIxM
3dz_oOuENng,https://www.youtube.com/watch?v=3dz_oOuENng
l6yZAbSVon8,https://www.youtube.com/watch?v=l6yZAbSVon8
4o8_R6zIlzo,https://www.youtube.com/watch?v=4o8_R6zIlzo
rWqOyznxHUM,https://www.youtube.com/watch?v=rWqOyznxHUM
imaWRZG0Ph4,https://www.youtube.com/watch?v=imaWRZG0Ph4
Ru2oIDeJHdI,https://www.youtube.com/watch?v=Ru2oIDeJHdI
GCuZGeaaTFs,https://www.youtube.com/watch?v=GCuZGeaaTFs
Vs5KIA0I_lw,https://www.youtube.com/watch?v=Vs5KIA0I_lw
upAvCDZy0nA,https://www.youtube.com/watch?v=upAvCDZy0nA
L56u47T6Zqw,https://www.youtube.com/watch?v=L56u47T6Zqw
Aoc36G9WKao,https://www.youtube.com/watch?v=Aoc36G9WKao
HbiE8BQ9JMk,https://www.youtube.com/watch?v=HbiE8BQ9JMk
-l9Fz6NRxvg,https://www.youtube.com/watch?v=-l9Fz6NRxvg
ja3yd_XXHFM,https://www.youtube.com/watch?v=ja3yd_XXHFM
R5hNPR0Yxuk,https://www.youtube.com/watch?v=R5hNPR0Yxuk
dXqgqKP95T4,https://www.youtube.com/watch?v=dXqgqKP95T4
2R3HuhrPZQw,https://www.youtube.com/watch?v=2R3HuhrPZQw
O-YS10pqB1w,https://www.youtube.com/watch?v=O-YS10pqB1w
DDEZt4fJh-c,https://www.youtube.com/watch?v=DDEZt4fJh-c
ZKZKU3lyImE,https://www.youtube.com/watch?v=ZKZKU3lyImE
DTdEOi464zw,https://www.youtube.com/watch?v=DTdEOi464zw
q4nltnYl7w4,https://www.youtube.com/watch?v=q4nltnYl7w4
8OrHQ0qsgKI,https://www.youtube.com/watch?v=8OrHQ0qsgKI
jXueSORV20U,https://www.youtube.com/watch?v=jXueSORV20U
TFP68ikY2Tc,https://www.youtube.com/watch?v=TFP68ikY2Tc
uhsaeVstKCc,https://www.youtube.com/watch?v=uhsaeVstKCc
2W-cS_LnXHk,https://www.youtube.com/watch?v=2W-cS_LnXHk
tOIDqdSuN1U,https://www.youtube.com/watch?v=tOIDqdSuN1U
UW66gurNyAU,https://www.youtube.com/watch?v=UW66gurNyAU
